{"actions":[],"apps":[{"acl":{"app":[],"field":[],"record":[]},"app":null,"category":{"categories":[],"useCategory":"false"},"form":{"layout":"[{\"id\":null,\"type\":\"ROW\",\"isSubTable\":false,\"var\":null,\"label\":null,\"controlList\":[{\"styleMap\":{\"width\":117,\"height\":66},\"elementId\":\"sp_calc\",\"type\":\"SPACER\"}]},{\"id\":null,\"type\":\"ROW\",\"isSubTable\":false,\"var\":null,\"label\":null,\"controlList\":[{\"label\":\"\\u003Cdiv\\u003E\\u003Cdiv\\u003E\\u003Cspan style=\\\"font-weight:700\\\"\\u003E\\u003Cspan style=\\\"background-color:rgb( 234 , 153 , 153 )\\\"\\u003E \\u003C/span\\u003E\\u003Cspan style=\\\"background-color:rgb( 244 , 204 , 204 )\\\"\\u003E \\u003C/span\\u003E\\u003Cspan style=\\\"background-color:rgb( 234 , 153 , 153 )\\\"\\u003E \\u003C/span\\u003E\\u003Cspan style=\\\"background-color:rgb( 244 , 204 , 204 )\\\"\\u003E 日付の計算　　　　　　　　　　　　　　\\u003C/span\\u003E\\u003C/span\\u003E\\u003C/div\\u003E\\u003C/div\\u003E\",\"styleMap\":{\"width\":317},\"formatted\":\"\\u003Cdiv\\u003E\\u003Cdiv\\u003E\\u003Cspan style=\\\"font-weight:700\\\"\\u003E\\u003Cspan style=\\\"background-color:rgb( 234 , 153 , 153 )\\\"\\u003E&nbsp;\\u003C/span\\u003E\\u003Cspan style=\\\"background-color:rgb( 244 , 204 , 204 )\\\"\\u003E&nbsp;\\u003C/span\\u003E\\u003Cspan style=\\\"background-color:rgb( 234 , 153 , 153 )\\\"\\u003E&nbsp;\\u003C/span\\u003E\\u003Cspan style=\\\"background-color:rgb( 244 , 204 , 204 )\\\"\\u003E&nbsp;日付の計算　　　　　　　　　　　　　　\\u003C/span\\u003E\\u003C/span\\u003E\\u003C/div\\u003E\\u003C/div\\u003E\",\"type\":\"LABEL\"}]},{\"id\":null,\"type\":\"ROW\",\"isSubTable\":false,\"var\":null,\"label\":null,\"controlList\":[{\"isVirtical\":true,\"styleMap\":{\"width\":117},\"type\":\"DATE\",\"var\":\"初期値_日付\",\"label\":\"初期値_日付\"},{\"styleMap\":{\"width\":127,\"height\":66},\"elementId\":\"\",\"type\":\"SPACER\"},{\"isVirtical\":true,\"styleMap\":{\"width\":124},\"type\":\"DECIMAL\",\"var\":\"経過日数_日付\",\"label\":\"経過日数_日付\"},{\"label\":\"\\u003Cdiv\\u003E\\u003Cbr /\\u003E\\u003C/div\\u003E\\u003Cdiv\\u003E\\u003Cbr /\\u003E\\u003Cdiv\\u003E\\u003Cfont size=\\\"4\\\"\\u003E\\u003Cb\\u003E&#xff1d;&#xff1e;\\u003C/b\\u003E\\u003C/font\\u003E\\u003C/div\\u003E\\u003C/div\\u003E\",\"styleMap\":{\"width\":68},\"formatted\":\"\\u003Cdiv\\u003E\\u003Cbr\\u003E\\u003C/div\\u003E\\u003Cdiv\\u003E\\u003Cbr\\u003E\\u003Cdiv\\u003E\\u003Cfont size=\\\"4\\\"\\u003E\\u003Cb\\u003E＝＞\\u003C/b\\u003E\\u003C/font\\u003E\\u003C/div\\u003E\\u003C/div\\u003E\",\"type\":\"LABEL\"},{\"isVirtical\":true,\"styleMap\":{\"width\":117},\"type\":\"DATE\",\"var\":\"結果_日付\",\"label\":\"結果_日付\"}]},{\"id\":null,\"type\":\"ROW\",\"isSubTable\":false,\"var\":null,\"label\":null,\"controlList\":[{\"label\":\"\\u003Cdiv\\u003E\\u003Cdiv\\u003E\\u003Cspan style=\\\"font-weight:700\\\"\\u003E\\u003Cspan style=\\\"background-color:rgb( 234 , 153 , 153 )\\\"\\u003E \\u003C/span\\u003E\\u003Cspan style=\\\"background-color:rgb( 244 , 204 , 204 )\\\"\\u003E \\u003C/span\\u003E\\u003Cspan style=\\\"background-color:rgb( 234 , 153 , 153 )\\\"\\u003E \\u003C/span\\u003E\\u003Cspan style=\\\"background-color:rgb( 244 , 204 , 204 )\\\"\\u003E 日時の計算　　　　　　　　　　　　　　\\u003C/span\\u003E\\u003C/span\\u003E\\u003C/div\\u003E\\u003C/div\\u003E\",\"styleMap\":{\"width\":317},\"formatted\":\"\\u003Cdiv\\u003E\\u003Cdiv\\u003E\\u003Cspan style=\\\"font-weight:700\\\"\\u003E\\u003Cspan style=\\\"background-color:rgb( 234 , 153 , 153 )\\\"\\u003E&nbsp;\\u003C/span\\u003E\\u003Cspan style=\\\"background-color:rgb( 244 , 204 , 204 )\\\"\\u003E&nbsp;\\u003C/span\\u003E\\u003Cspan style=\\\"background-color:rgb( 234 , 153 , 153 )\\\"\\u003E&nbsp;\\u003C/span\\u003E\\u003Cspan style=\\\"background-color:rgb( 244 , 204 , 204 )\\\"\\u003E&nbsp;日時の計算　　　　　　　　　　　　　　\\u003C/span\\u003E\\u003C/span\\u003E\\u003C/div\\u003E\\u003C/div\\u003E\",\"type\":\"LABEL\"}]},{\"id\":null,\"type\":\"ROW\",\"isSubTable\":false,\"var\":null,\"label\":null,\"controlList\":[{\"isVirtical\":true,\"styleMap\":{\"width\":196},\"type\":\"DATETIME\",\"var\":\"初期値_日時\",\"label\":\"初期値_日時\"},{\"styleMap\":{\"width\":48,\"height\":66},\"elementId\":\"\",\"type\":\"SPACER\"},{\"isVirtical\":true,\"styleMap\":{\"width\":124},\"type\":\"DECIMAL\",\"var\":\"経過日数_日時\",\"label\":\"経過日数_日時\"},{\"isVirtical\":true,\"styleMap\":{\"width\":124},\"type\":\"DECIMAL\",\"var\":\"経過時間_日時\",\"label\":\"経過時間_日時\"},{\"label\":\"\\u003Cdiv\\u003E\\u003Cbr /\\u003E\\u003C/div\\u003E\\u003Cdiv\\u003E\\u003Cbr /\\u003E\\u003Cdiv\\u003E\\u003Cfont size=\\\"4\\\"\\u003E\\u003Cb\\u003E&#xff1d;&#xff1e;\\u003C/b\\u003E\\u003C/font\\u003E\\u003C/div\\u003E\\u003C/div\\u003E\",\"styleMap\":{\"width\":68},\"formatted\":\"\\u003Cdiv\\u003E\\u003Cbr\\u003E\\u003C/div\\u003E\\u003Cdiv\\u003E\\u003Cbr\\u003E\\u003Cdiv\\u003E\\u003Cfont size=\\\"4\\\"\\u003E\\u003Cb\\u003E＝＞\\u003C/b\\u003E\\u003C/font\\u003E\\u003C/div\\u003E\\u003C/div\\u003E\",\"type\":\"LABEL\"},{\"isVirtical\":true,\"styleMap\":{\"width\":196},\"type\":\"DATETIME\",\"var\":\"結果_日時\",\"label\":\"結果_日時\"}]},{\"id\":null,\"type\":\"ROW\",\"isSubTable\":false,\"var\":null,\"label\":null,\"controlList\":[{\"label\":\"\\u003Cdiv\\u003E\\u003Cb\\u003E\\u003Cspan style=\\\"background-color:rgb( 234 , 153 , 153 )\\\"\\u003E \\u003C/span\\u003E\\u003Cspan style=\\\"background-color:rgb( 244 , 204 , 204 )\\\"\\u003E \\u003C/span\\u003E\\u003Cspan style=\\\"background-color:rgb( 234 , 153 , 153 )\\\"\\u003E \\u003C/span\\u003E\\u003Cspan style=\\\"background-color:rgb( 244 , 204 , 204 )\\\"\\u003E そのまま計算　　　　　　　　　　　　　\\u003C/span\\u003E\\u003C/b\\u003E\\u003C/div\\u003E\",\"styleMap\":{\"width\":317},\"formatted\":\"\\u003Cdiv\\u003E\\u003Cb\\u003E\\u003Cspan style=\\\"background-color:rgb( 234 , 153 , 153 )\\\"\\u003E&nbsp;\\u003C/span\\u003E\\u003Cspan style=\\\"background-color:rgb( 244 , 204 , 204 )\\\"\\u003E \\u003C/span\\u003E\\u003Cspan style=\\\"background-color:rgb( 234 , 153 , 153 )\\\"\\u003E&nbsp;\\u003C/span\\u003E\\u003Cspan style=\\\"background-color:rgb( 244 , 204 , 204 )\\\"\\u003E&nbsp;そのまま計算　　　　　　　　　　　　　\\u003C/span\\u003E\\u003C/b\\u003E\\u003C/div\\u003E\",\"type\":\"LABEL\"}]},{\"id\":null,\"type\":\"ROW\",\"isSubTable\":false,\"var\":null,\"label\":null,\"controlList\":[{\"isVirtical\":true,\"styleMap\":{\"width\":146},\"type\":\"DECIMAL\",\"var\":\"値1_1\",\"label\":\"値1_1\"},{\"isVirtical\":true,\"styleMap\":{\"width\":305},\"type\":\"SINGLE_CHECK\",\"var\":\"演算子1\",\"label\":\"演算子1\",\"align\":\"horizontal\"},{\"isVirtical\":true,\"styleMap\":{\"width\":146},\"type\":\"DECIMAL\",\"var\":\"値1_2\",\"label\":\"値1_2\"},{\"label\":\"\\u003Cdiv\\u003E\\u003Cbr /\\u003E\\u003C/div\\u003E\\u003Cdiv\\u003E\\u003Cbr /\\u003E\\u003C/div\\u003E&#xff1d;\",\"styleMap\":{\"width\":46},\"formatted\":\"\\u003Cdiv\\u003E\\u003Cbr\\u003E\\u003C/div\\u003E\\u003Cdiv\\u003E\\u003Cbr\\u003E\\u003C/div\\u003E＝\",\"type\":\"LABEL\"},{\"isVirtical\":true,\"styleMap\":{\"width\":228},\"type\":\"DECIMAL\",\"var\":\"結果_計算1\",\"label\":\"結果_計算1\"}]},{\"id\":null,\"type\":\"ROW\",\"isSubTable\":false,\"var\":null,\"label\":null,\"controlList\":[{\"label\":\"\\u003Cdiv\\u003E\\u003Cb\\u003E\\u003Cspan style=\\\"background-color:rgb( 234 , 153 , 153 )\\\"\\u003E \\u003C/span\\u003E\\u003Cspan style=\\\"background-color:rgb( 244 , 204 , 204 )\\\"\\u003E \\u003C/span\\u003E\\u003Cspan style=\\\"background-color:rgb( 234 , 153 , 153 )\\\"\\u003E \\u003C/span\\u003E\\u003Cspan style=\\\"background-color:rgb( 244 , 204 , 204 )\\\"\\u003E 整数値にして計算　　　　　　　　　　　\\u003C/span\\u003E\\u003C/b\\u003E\\u003C/div\\u003E\",\"styleMap\":{\"width\":317},\"formatted\":\"\\u003Cdiv\\u003E\\u003Cb\\u003E\\u003Cspan style=\\\"background-color:rgb( 234 , 153 , 153 )\\\"\\u003E&nbsp;\\u003C/span\\u003E\\u003Cspan style=\\\"background-color:rgb( 244 , 204 , 204 )\\\"\\u003E \\u003C/span\\u003E\\u003Cspan style=\\\"background-color:rgb( 234 , 153 , 153 )\\\"\\u003E&nbsp;\\u003C/span\\u003E\\u003Cspan style=\\\"background-color:rgb( 244 , 204 , 204 )\\\"\\u003E&nbsp;整数値にして計算　　　　　　　　　　　\\u003C/span\\u003E\\u003C/b\\u003E\\u003C/div\\u003E\",\"type\":\"LABEL\"}]},{\"id\":null,\"type\":\"ROW\",\"isSubTable\":false,\"var\":null,\"label\":null,\"controlList\":[{\"isVirtical\":true,\"styleMap\":{\"width\":146},\"type\":\"DECIMAL\",\"var\":\"値2_1\",\"label\":\"値2_1\"},{\"isVirtical\":true,\"styleMap\":{\"width\":305},\"type\":\"SINGLE_CHECK\",\"var\":\"演算子2\",\"label\":\"演算子2\",\"align\":\"horizontal\"},{\"isVirtical\":true,\"styleMap\":{\"width\":146},\"type\":\"DECIMAL\",\"var\":\"値2_2\",\"label\":\"値2_2\"},{\"label\":\"\\u003Cdiv\\u003E\\u003Cbr /\\u003E\\u003C/div\\u003E\\u003Cdiv\\u003E\\u003Cbr /\\u003E\\u003C/div\\u003E&#xff1d;\",\"styleMap\":{\"width\":46},\"formatted\":\"\\u003Cdiv\\u003E\\u003Cbr\\u003E\\u003C/div\\u003E\\u003Cdiv\\u003E\\u003Cbr\\u003E\\u003C/div\\u003E＝\",\"type\":\"LABEL\"},{\"isVirtical\":true,\"styleMap\":{\"width\":228},\"type\":\"DECIMAL\",\"var\":\"結果_計算2\",\"label\":\"結果_計算2\"}]}]","revision":null},"iconMeta":null,"info":{"automaticallyChooseTitleComponent":"true","code":null,"decimalPrecision":"16","decimalScale":"4","description":"","enableBulkDeletion":"false","enableRecordReuse":"true","fiscalYearStartMonth":"4","iconKey":"APP39","iconType":"PRESET","jsFiles":null,"jsScope":"ALL","name":"日付と小数点あり計算","roundingMode":"HALF_EVEN","theme":"PLAIN","titleComponentLocalId":null,"useComment":"true","useHistory":"true","useThumbnail":"true"},"jsFiles":[{"jsFileMetas":[{"internalName":null,"locationType":"URL","mime":null,"name":null,"url":"https://unpkg.com/kintone-ui-component/umd/kuc.min.js"},{"internalName":null,"locationType":"URL","mime":null,"name":null,"url":"https://js.cybozu.com/luxon/3.4.3/luxon.min.js"},{"internalName":null,"locationType":"BLOB","mime":"text/javascript","name":"calc_values.js","url":null}],"jsType":"DESKTOP"}],"notification":{"appNotifications":[{"events":["RECORD_COMMENT_ADDED"],"target":{"entityId":"6442201","entityType":"FIELD_ENTITY","includeSubs":"false"}},{"events":["RECORD_COMMENT_ADDED"],"target":{"entityId":"6442202","entityType":"FIELD_ENTITY","includeSubs":"false"}}],"recordNotifications":[],"reminderTimezone":null,"reminders":[],"useComment":"true","useReminder":"false"},"plugins":[],"reports":[],"resource":{"tables":[{"rows":[{"fields":[],"objectId":"0","subObjectId":"-1"}],"type":"AppName"},{"rows":[{"fields":[],"objectId":"0","subObjectId":"-1"}],"type":"AppDescription"},{"rows":[{"fields":[],"objectId":"6442200","subObjectId":"-1"},{"fields":[],"objectId":"6442201","subObjectId":"-1"},{"fields":[],"objectId":"6442202","subObjectId":"-1"},{"fields":[],"objectId":"6442203","subObjectId":"-1"},{"fields":[],"objectId":"6442204","subObjectId":"-1"},{"fields":[],"objectId":"6442205","subObjectId":"-1"},{"fields":[],"objectId":"6442206","subObjectId":"-1"},{"fields":[],"objectId":"6442207","subObjectId":"-1"},{"fields":[],"objectId":"6442212","subObjectId":"-1"},{"fields":[],"objectId":"6442214","subObjectId":"-1"},{"fields":[],"objectId":"6442215","subObjectId":"-1"},{"fields":[],"objectId":"6442216","subObjectId":"-1"},{"fields":[],"objectId":"6442216","subObjectId":"6442208"},{"fields":[],"objectId":"6442216","subObjectId":"6442209"},{"fields":[],"objectId":"6442216","subObjectId":"6442211"},{"fields":[],"objectId":"6442216","subObjectId":"6442210"},{"fields":[],"objectId":"6442217","subObjectId":"-1"},{"fields":[],"objectId":"6442218","subObjectId":"-1"},{"fields":[],"objectId":"6442220","subObjectId":"-1"},{"fields":[],"objectId":"6442221","subObjectId":"-1"},{"fields":[],"objectId":"6442222","subObjectId":"-1"},{"fields":[],"objectId":"6442223","subObjectId":"-1"},{"fields":[],"objectId":"6442228","subObjectId":"-1"},{"fields":[],"objectId":"6442229","subObjectId":"-1"},{"fields":[],"objectId":"6442229","subObjectId":"6442224"},{"fields":[],"objectId":"6442229","subObjectId":"6442225"},{"fields":[],"objectId":"6442229","subObjectId":"6442226"},{"fields":[],"objectId":"6442229","subObjectId":"6442227"},{"fields":[],"objectId":"6442230","subObjectId":"-1"},{"fields":[],"objectId":"6442231","subObjectId":"-1"},{"fields":[],"objectId":"6442232","subObjectId":"-1"}],"type":"FieldLabel"},{"rows":[{"fields":[],"objectId":"20","subObjectId":"-1"}],"type":"ViewName"},{"rows":[],"type":"CategoryName"}]},"schema":{"groups":[],"revision":null,"subTable":{},"table":{"fieldList":{"6442200":{"id":"6442200","label":"レコード番号","properties":{"noLabel":"false","required":"true"},"type":"RECORD_ID","var":"レコード番号"},"6442201":{"id":"6442201","label":"更新者","properties":{"noLabel":"false","required":"true"},"type":"MODIFIER","var":"更新者"},"6442202":{"id":"6442202","label":"作成者","properties":{"noLabel":"false","required":"true"},"type":"CREATOR","var":"作成者"},"6442203":{"id":"6442203","label":"更新日時","properties":{"noLabel":"false","required":"true"},"type":"MODIFIED_AT","var":"更新日時"},"6442204":{"id":"6442204","label":"作成日時","properties":{"noLabel":"false","required":"true"},"type":"CREATED_AT","var":"作成日時"},"6442205":{"id":"6442205","label":"ステータス","properties":{"noLabel":"false","required":"false"},"type":"STATUS","var":"ステータス"},"6442206":{"id":"6442206","label":"作業者","properties":{"noLabel":"false","required":"false"},"type":"STATUS_ASSIGNEE","var":"作業者"},"6442207":{"id":"6442207","label":"カテゴリー","properties":{"noLabel":"false","required":"false"},"type":"CATEGORY","var":"カテゴリー"},"6442212":{"id":"6442212","label":"初期値_日付","properties":{"defaultExpression":null,"defaultValue":null,"noLabel":"false","required":"false","unique":"false"},"type":"DATE","var":"初期値_日付"},"6442214":{"id":"6442214","label":"初期値_日時","properties":{"defaultExpression":null,"defaultValue":null,"noLabel":"false","required":"false","unique":"false"},"type":"DATETIME","var":"初期値_日時"},"6442215":{"id":"6442215","label":"値1_1","properties":{"defaultValue":null,"digit":"false","displayScale":"2","max":null,"min":null,"noLabel":"false","required":"false","roundingMode":null,"scale":null,"unique":"false","unit":"","unitPosition":"BEFORE"},"type":"DECIMAL","var":"値1_1"},"6442216":{"id":"6442216","label":"演算子1","properties":{"defaultValue":"6442208","noLabel":"false","options":[{"id":"6442208","label":"＋","valid":true},{"id":"6442209","label":"－","valid":true},{"id":"6442211","label":"×","valid":true},{"id":"6442210","label":"÷","valid":true}],"required":"true"},"type":"SINGLE_CHECK","var":"演算子1"},"6442217":{"id":"6442217","label":"値1_2","properties":{"defaultValue":null,"digit":"false","displayScale":"2","max":null,"min":null,"noLabel":"false","required":"false","roundingMode":null,"scale":null,"unique":"false","unit":"","unitPosition":"BEFORE"},"type":"DECIMAL","var":"値1_2"},"6442218":{"id":"6442218","label":"結果_計算1","properties":{"defaultValue":null,"digit":"false","displayScale":"10","max":null,"min":null,"noLabel":"false","required":"false","roundingMode":null,"scale":null,"unique":"false","unit":"","unitPosition":"BEFORE"},"type":"DECIMAL","var":"結果_計算1"},"6442220":{"id":"6442220","label":"経過日数_日付","properties":{"defaultValue":null,"digit":"false","displayScale":null,"max":null,"min":null,"noLabel":"false","required":"false","roundingMode":null,"scale":null,"unique":"false","unit":"","unitPosition":"BEFORE"},"type":"DECIMAL","var":"経過日数_日付"},"6442221":{"id":"6442221","label":"結果_日付","properties":{"defaultExpression":null,"defaultValue":null,"noLabel":"false","required":"false","unique":"false"},"type":"DATE","var":"結果_日付"},"6442222":{"id":"6442222","label":"経過日数_日時","properties":{"defaultValue":null,"digit":"false","displayScale":null,"max":null,"min":null,"noLabel":"false","required":"false","roundingMode":null,"scale":null,"unique":"false","unit":"","unitPosition":"BEFORE"},"type":"DECIMAL","var":"経過日数_日時"},"6442223":{"id":"6442223","label":"結果_日時","properties":{"defaultExpression":null,"defaultValue":null,"noLabel":"false","required":"false","unique":"false"},"type":"DATETIME","var":"結果_日時"},"6442228":{"id":"6442228","label":"値2_1","properties":{"defaultValue":null,"digit":"false","displayScale":"2","max":null,"min":null,"noLabel":"false","required":"false","roundingMode":null,"scale":null,"unique":"false","unit":"","unitPosition":"BEFORE"},"type":"DECIMAL","var":"値2_1"},"6442229":{"id":"6442229","label":"演算子2","properties":{"defaultValue":"6442224","noLabel":"false","options":[{"id":"6442224","label":"＋","valid":true},{"id":"6442225","label":"－","valid":true},{"id":"6442226","label":"×","valid":true},{"id":"6442227","label":"÷","valid":true}],"required":"true"},"type":"SINGLE_CHECK","var":"演算子2"},"6442230":{"id":"6442230","label":"値2_2","properties":{"defaultValue":null,"digit":"false","displayScale":"2","max":null,"min":null,"noLabel":"false","required":"false","roundingMode":null,"scale":null,"unique":"false","unit":"","unitPosition":"BEFORE"},"type":"DECIMAL","var":"値2_2"},"6442231":{"id":"6442231","label":"結果_計算2","properties":{"defaultValue":null,"digit":"false","displayScale":null,"max":null,"min":null,"noLabel":"false","required":"false","roundingMode":null,"scale":null,"unique":"false","unit":"","unitPosition":"BEFORE"},"type":"DECIMAL","var":"結果_計算2"},"6442232":{"id":"6442232","label":"経過時間_日時","properties":{"defaultValue":null,"digit":"false","displayScale":null,"max":null,"min":null,"noLabel":"false","required":"false","roundingMode":null,"scale":null,"unique":"false","unit":"","unitPosition":"BEFORE"},"type":"DECIMAL","var":"経過時間_日時"}},"id":"1","label":"__ROOT__","properties":null,"var":"__ROOT__"}},"settingsNotesForm":{"content":null,"willBeInherited":null},"status":{"actions":[],"filters":[],"initialStateId":null,"states":[],"useStatus":"false"},"uuid":"b42343c7-8407-4e4d-803d-aff1f7142750","views":[{"advancedMode":null,"builtinType":"ALL","device":null,"fields":[{"row":[{"columnWidth":null,"id":"6442200"},{"columnWidth":null,"id":"6442212"},{"columnWidth":null,"id":"6442214"},{"columnWidth":null,"id":"6442215"},{"columnWidth":null,"id":"6442216"},{"columnWidth":null,"id":"6442217"},{"columnWidth":null,"id":"6442218"},{"columnWidth":null,"id":"6442220"},{"columnWidth":null,"id":"6442221"},{"columnWidth":null,"id":"6442222"},{"columnWidth":null,"id":"6442223"},{"columnWidth":null,"id":"6442228"},{"columnWidth":null,"id":"6442229"},{"columnWidth":null,"id":"6442230"},{"columnWidth":null,"id":"6442231"},{"columnWidth":null,"id":"6442232"}]}],"filter":{"category":null,"offset":null,"order":[],"q":null,"size":null,"sort":[]},"html":null,"keyFieldId":null,"name":"（すべて）","pager":null,"revision":null,"titleFieldId":null,"view":"20","viewType":"LIST"}]}],"description":"","iconKey":"APP39","iconMeta":null,"iconSrcAppId":"b42343c7-8407-4e4d-803d-aff1f7142750","iconType":"PRESET","imagesMeta":[],"lookups":[],"name":"日付と小数点あり計算","references":[],"version":"40"}